{
    "name": "Paragon",
    "vendorId": "0x8C27",
    "productId": "0x3449",
    "matrix": {
      "rows": 6,
      "cols": 16
    },
    "layouts": {
      "labels": [
        "Split Backspace",
        "ISO Enter",
        "Split LShift",
        [
          "Bottom Row",
          "6.25u",
          "7u",
          "Split"
        ]
      ],
      "keymap": [
        [
          "0,0",
          {
            "x": 0.5,
            "c": "#aaaaaa"
          },
          "0,2",
          "0,3",
          "0,4",
          "0,5",
          {
            "x": 0.5,
            "c": "#cccccc"
          },
          "0,6",
          "0,7",
          "0,8",
          "0,9",
          {
            "x": 0.5,
            "c": "#aaaaaa"
          },
          "0,10",
          "0,11",
          "0,12",
          "0,13",
          {
            "x": 0.5,
            "c": "#777777",
            "a": 7
          },
          "e0"
        ],
        [
          {
            "y": 0.5,
            "c": "#cccccc",
            "a": 4
          },
          "1,0",
          "1,1",
          "1,2",
          "1,3",
          "1,4",
          "1,5",
          "1,6",
          "1,7",
          "1,8",
          "1,9",
          "1,10",
          "1,11",
          "1,12",
          {
            "c": "#aaaaaa",
            "w": 2
          },
          "1,14\n\n\n0,0",
          "1,15"
        ],
        [
          {
            "w": 1.5
          },
          "2,0",
          {
            "c": "#cccccc"
          },
          "2,1",
          "2,2",
          "2,3",
          "2,4",
          "2,5",
          "2,6",
          "2,7",
          "2,8",
          "2,9",
          "2,10",
          "2,11",
          "2,12",
          {
            "w": 1.5
          },
          "2,13\n\n\n1,0",
          {
            "c": "#aaaaaa"
          },
          "2,15"
        ],
        [
          {
            "w": 1.75
          },
          "3,0",
          {
            "c": "#cccccc"
          },
          "3,1",
          "3,2",
          "3,3",
          "3,4",
          "3,5",
          "3,6",
          "3,7",
          "3,8",
          "3,9",
          "3,10",
          "3,11",
          {
            "c": "#aaaaaa",
            "w": 2.25
          },
          "3,13\n\n\n1,0",
          "3,15"
        ],
        [
          {
            "w": 2.25
          },
          "4,0\n\n\n2,0",
          {
            "c": "#cccccc"
          },
          "4,2",
          "4,3",
          "4,4",
          "4,5",
          "4,6",
          "4,7",
          "4,8",
          "4,9",
          "4,10",
          "4,11",
          {
            "c": "#aaaaaa",
            "w": 1.75
          },
          "4,12",
          {
            "c": "#777777"
          },
          "4,13",
          {
            "c": "#aaaaaa"
          },
          "4,15"
        ],
        [
            {
            "w": 1.25
            },
            "5,0\n\n\n3,0",
            {
            "w": 1.25
            },
            "5,2\n\n\n3,0",
            {
            "w": 1.25
            },
            "5,3\n\n\n3,0",
            {
            "c": "#cccccc",
            "w": 6.25
            },
            "5,6\n\n\n3,0",
            {
            "c": "#aaaaaa",
            "w": 1.5
            },
            "5,10",
            {
            "w": 1.5
            },
            "5,11",
            {
            "c": "#777777"
            },
            "5,12",
            "5,13",
            "5,15"
        ],
        [
            {
            "y": 0.5,
            "x": 13,
            "c": "#aaaaaa"
            },
            "1,13\n\n\n0,1",
            "1,14\n\n\n0,1"
        ],
        [
            {
            "x": 13.75,
            "w": 1.25,
            "h": 2,
            "w2": 1.5,
            "h2": 1,
            "x2": -0.25
            },
            "3,13\n\n\n1,1"
        ],
        [
            {
            "w": 1.25
            },
            "4,0\n\n\n2,1",
            "4,1\n\n\n2,1",
            {
            "x": 10.5,
            "c": "#cccccc"
            },
            "3,12\n\n\n1,1"
        ],
        [
            {
            "c": "#aaaaaa",
            "w": 1.5
            },
            "5,0\n\n\n3,1",
            {
            "w": 1.5
            },
            "5,2\n\n\n3,1",
            {
            "c": "#cccccc",
            "w": 7
            },
            "5,6\n\n\n3,1"
        ],
        [
            {
            "c": "#aaaaaa",
            "w": 1.25
            },
            "5,0\n\n\n3,2",
            {
            "w": 1.25
            },
            "5,2\n\n\n3,2",
            {
            "w": 1.25
            },
            "5,3\n\n\n3,2",
            {
            "c": "#cccccc",
            "w": 2.25
            },
            "5,4\n\n\n3,2",
            {
            "w": 1.25
            },
            "5,6\n\n\n3,2",
            {
            "w": 2.75
            },
            "5,8\n\n\n3,2"
        ]
      ]
    }
  }
